昆明长水,昆明长水,昆明长水,昆明长水,昆明长水,昆明长水,昆明长水,昆明长水,昆明长水,昆明长水,广州白云,广州白云,广州白云,广州白云,广州白云,广州白云,广州白云,广州白云,广州白云,广州白云,北京首都,北京首都,北京首都,北京首都,北京首都,北京首都,北京首都,北京首都,北京首都,北京首都,北京大兴,北京大兴,北京大兴,北京大兴,北京大兴,北京大兴,北京大兴,北京大兴,北京大兴,北京大兴,深圳宝安,深圳宝安,深圳宝安,深圳宝安,深圳宝安,深圳宝安,深圳宝安,深圳宝安,深圳宝安,深圳宝安,杭州萧山,杭州萧山,杭州萧山,杭州萧山,杭州萧山,杭州萧山,杭州萧山,杭州萧山,杭州萧山,杭州萧山,成都天府,成都天府,成都天府,成都天府,成都天府,成都天府,成都天府,成都天府,成都天府,成都天府,上海虹桥,上海虹桥,上海虹桥,上海虹桥,上海虹桥,上海虹桥,上海虹桥,上海虹桥,上海虹桥,上海虹桥,上海浦东,上海浦东,上海浦东,上海浦东,上海浦东,上海浦东,上海浦东,上海浦东,上海浦东,上海浦东,成都双流,成都双流,成都双流,成都双流,成都双流,成都双流,成都双流,成都双流,成都双流,成都双流,重庆江北,重庆江北,重庆江北,重庆江北,重庆江北,重庆江北,重庆江北,重庆江北,重庆江北,重庆江北,西安咸阳,西安咸阳,西安咸阳,西安咸阳,西安咸阳,西安咸阳,西安咸阳,西安咸阳,西安咸阳,西安咸阳,,,,,,,,,,,,,,,,,,,,,,,,,,,,,,,,,,
日期,航班架次,航班架次,航班架次,旅客人数,旅客人数,旅客人数,货邮重量（吨）,货邮重量（吨）,货邮重量（吨）,日期,航班架次,航班架次,航班架次,旅客人数,旅客人数,旅客人数,货邮重量（吨）,货邮重量（吨）,货邮重量（吨）,日期,航班架次,航班架次,航班架次,旅客人数,旅客人数,旅客人数,货邮重量（吨）,货邮重量（吨）,货邮重量（吨）,日期,航班架次,航班架次,航班架次,旅客人数,旅客人数,旅客人数,货邮重量（吨）,货邮重量（吨）,货邮重量（吨）,日期,航班架次,航班架次,航班架次,旅客人数,旅客人数,旅客人数,货邮重量（吨）,货邮重量（吨）,货邮重量（吨）,日期,航班架次,航班架次,航班架次,旅客人数,旅客人数,旅客人数,货邮重量（吨）,货邮重量（吨）,货邮重量（吨）,日期,航班架次,航班架次,航班架次,旅客人数,旅客人数,旅客人数,货邮重量（吨）,货邮重量（吨）,货邮重量（吨）,日期,航班架次,航班架次,航班架次,旅客人数,旅客人数,旅客人数,货邮重量（吨）,货邮重量（吨）,货邮重量（吨）,日期,航班架次,航班架次,航班架次,旅客人数,旅客人数,旅客人数,货邮重量（吨）,货邮重量（吨）,货邮重量（吨）,日期,航班架次,航班架次,航班架次,旅客人数,旅客人数,旅客人数,货邮重量（吨）,货邮重量（吨）,货邮重量（吨）,日期,航班架次,航班架次,航班架次,旅客人数,旅客人数,旅客人数,货邮重量（吨）,货邮重量（吨）,货邮重量（吨）,日期,航班架次,航班架次,航班架次,旅客人数,旅客人数,旅客人数,货邮重量（吨）,货邮重量（吨）,货邮重量（吨）,,,,,,,,,,,,,,,,,,,,,,,,,,,,,,,,,,
日期,进港,出港,合计,进港,出港,合计,进港,出港,合计,日期,进港,出港,合计,进港,出港,合计,进港,出港,合计,日期,进港,出港,合计,进港,出港,合计,进港,出港,合计,日期,进港,出港,合计,进港,出港,合计,进港,出港,合计,日期,进港,出港,合计,进港,出港,合计,进港,出港,合计,日期,进港,出港,合计,进港,出港,合计,进港,出港,合计,日期,进港,出港,合计,进港,出港,合计,进港,出港,合计,日期,进港,出港,合计,进港,出港,合计,进港,出港,合计,日期,进港,出港,合计,进港,出港,合计,进港,出港,合计,日期,进港,出港,合计,进港,出港,合计,进港,出港,合计,日期,进港,出港,合计,进港,出港,合计,进港,出港,合计,日期,进港,出港,合计,进港,出港,合计,进港,出港,合计,,,,,,,,,,,,,,,,,,,,,,,,,,,,,,,,,,
01-01,451,451,902,60524,60681,121205,366.61,724.403,1091.013,45658,717,732,1449,100671,101435,202106,2018.76,3082.69,5101.45,45658,541,531,1072,75543,72616,148159,1850.11,1697.88,3547.99,45658,433,429,862,60860,61657,122517,515.5,378.3,893.8,45658,590,587,1177,80547,76806,157353,1325.938,3544.866,4870.804,45658,418,418,836,55777,56037,111814,601.429,1271.821,1873.25,45658,472,471,943,63420,60810,124230,441.99,425.01,867,45658,358,356,714,56910,57308,114218,539.592,486.827,1026.419,45658,726,731,1457,103606,105018,208624,2817,6230,9047,45658,281,279,560,38882,36666,75548,384.4,407.2,791.5999999999999,45658,422,427,849,56658,54556,111214,503.4,761.5,1264.9,45658,416,418,834,53951,54521,108472,508.2,363.1,871.3,,,,,,,,,,,,,,,,,,,,,,,,,,,,,,,,,,
01-02,438,436,874,60003,56126,116129,276.527,695.217,971.7439999999999,45659,718,726,1444,103187,104653,207840,1872.19,3348.19,5220.38,45293,533,534,1067,74169,79721,153890,1475,1643.14,3118.14,45293,428,426,854,59942,64235,124177,481.53,418.12,899.65,45659,579,576,1155,85046,81040,166086,1081.56,2690.754,3772.314,45659,398,404,802,55950,58132,114082,489.1916,1089.6396,1578.8312,45659,466,462,928,64102,61740,125842,410.74,428.06,838.8,45659,362,359,721,57302,61600,118902,479.91,395.81,875.72,45659,728,730,1458,101584,108333,209917,2499,5756,8255,45659,283,285,568,41240,39069,80309,353.6,362.2,715.8,45659,426,418,844,60167,55643,115810,384.7,512.6,897.4,45659,408,407,815,53046,55043,108089,409.2,332.2,741.4,,,,,,,,,,,,,,,,,,,,,,,,,,,,,,,,,,
01-03,452,452,904,59833,56902,116735,348.109,621.96,970.069,45660,745,747,1492,101043,103011,204054,2066.09,3383.82,5449.91,45660,549,558,1107,72132,83300,155432,1745.98,1781.03,3527.01,45294,446,444,890,58815,68046,126861,573.54,424.59,998.13,45660,609,599,1208,83348,79039,162387,1674.814,3421.024,5095.838,45660,418,421,839,57421,59390,116811,698.848,1316.844,2015.692,45660,462,469,931,65786,61867,127653,469.16,492.95,962.11,45660,359,357,716,55054,57896,112950,571.894,529.593,1101.487,45660,719,720,1439,99732,106492,206224,2225,5602,7827,45660,286,282,568,36220,41585,77805,442,433,875,45660,407,423,830,58575,55429,114004,518.6,558.6,1077.2,45660,434,439,873,53251,54912,108163,419.6,245.6,665.2,,,,,,,,,,,,,,,,,,,,,,,,,,,,,,,,,,
01-04,448,448,896,62058,59451,121509,431.029,622.479,1053.508,45661,726,724,1450,101626,103739,205365,2272.85,3713.95,5986.8,45661,544,552,1096,75655,83890,159545,1938.11,1980.66,3918.77,45295,447,448,895,61054,69335,130389,562.41,453.97,1016.38,45661,579,581,1160,82593,74857,157450,1661.084,3899.618,5560.702,45661,406,402,808,55926,57660,113586,676.757,1269.332,1946.089,45661,464,464,928,67040,62665,129705,494.27,535.22,1029.49,45661,355,354,709,56695,55248,111943,598.787,540.716,1139.503,45661,718,718,1436,103936,108822,212758,2724,5490,8214,45661,285,281,566,41573,36069,77642,427.1,513.9,941,45661,436,425,861,61861,55615,117476,521.5,686.6,1208.1,45661,420,420,840,52697,54940,107637,399.8,274.3,674.1,,,,,,,,,,,,,,,,,,,,,,,,,,,,,,,,,,
01-05,470,468,938,66388,62877,129265,362.101,653.993,1016.094,45662,754,741,1495,107833,113154,220987,2118.6,3529.34,5647.94,45296,575,586,1161,89490,91382,180872,1852.56,1800.56,3653.12,45296,463,466,929,69177,72320,141497,526.12,407.56,933.68,45662,604,618,1222,93647,87159,180806,1274.216,3868.85400000001,5143.07000000001,45662,420,424,844,61876,62728,124604,735.836,1235.08,1970.916,45662,487,491,978,70311,70555,140866,544.76,488.44,1033.2,45662,378,384,762,65156,63848,129004,524.17,545.04,1069.21,45662,750,746,1496,114034,114907,228941,3087,6262,9349,45662,279,287,566,42151,42249,84400,461,444.6,905.6,45662,409,425,834,59806,59880,119686,466.5,476.8,943.3,45662,441,442,883,59001,62303,121304,460.1,271.6,731.7,,,,,,,,,,,,,,,,,,,,,,,,,,,,,,,,,,
01-06,448,448,896,60008,53961,113969,335.594,632.008,967.602,45663,722,726,1448,108236,112169,220405,1918.02,3309.01,5227.03,45663,579,565,1144,83986,91016,175002,1732.789,1757.81,3490.599,45297,464,459,923,68202,74200,142402,512.15,373.03,885.18,45663,596,587,1183,89353,86444,175797,1155.174,2446.755,3601.929,45663,396,403,799,56534,61734,118268,581.75,1394.873,1976.623,45663,468,463,931,67535,65977,133512,495.43,500.29,995.72,45663,373,373,746,62015,63787,125802,506.66,421.69,928.35,45663,726,727,1453,106062,113895,219957,2228,5067,7295,45663,286,285,571,44603,42183,86786,414.9,426.4,841.3,45663,436,425,861,64583,59462,124045,440.8,361.7,802.5,45663,414,419,833,56837,60932,117769,468.3,320.3,788.6,,,,,,,,,,,,,,,,,,,,,,,,,,,,,,,,,,
01-07,442,442,884,62497,58146,120643,369.407,631.767,1001.174,45664,727,723,1450,101370,110650,212020,2141.44,3244.47,5385.91,45298,571,572,1143,81314,91135,172449,1811.137,1763.563,3574.7,45298,447,452,899,64880,73754,138634,605.284,414.521,1019.805,45664,604,601,1205,85644,85030,170674,1895.715,4242.653,6138.368,45664,401,394,795,56809,60133,116942,701.371,1219.33,1920.701,45664,474,475,949,70517,68012,138529,495.73,608.53,1104.26,45664,376,371,747,61674,65771,127445,610.749,612.16,1222.909,45664,725,728,1453,98562,113192,211754,2784,5824,8608,45664,285,285,570,45296,41244,86540,475.9,465.7,941.5999999999999,45664,429,418,847,63932,57599,121531,599.6,538.6,1138.2,45664,431,437,868,56149,60427,116576,530.7,289.1,819.8000000000001,,,,,,,,,,,,,,,,,,,,,,,,,,,,,,,,,,
01-08,456,458,914,66774,62230,129004,399.292,660.945,1060.237,45665,750,756,1506,106807,116325,223132,2341.18,4205.89,6547.07,45665,593,587,1180,87236,94509,181745,2065.55,2055.16,4120.71,45299,470,460,930,71049,75760,146809,686.69,427.31,1114,45665,635,629,1264,89678,91646,181324,1897.139,4216.37799999999,6113.51699999999,45665,415,418,833,58861,64248,123109,820.534,1556.535,2377.069,45665,473,470,943,70577,68264,138841,625.28,509.13,1134.4099999999999,45665,375,377,752,63428,69717,133145,668.47,706.01,1374.48,45665,727,730,1457,94337,115826,210163,3207,6745,9952,45665,287,290,577,45542,43938,89480,511.8,527.3,1039.1,45665,433,442,875,65563,61663,127226,639.1,829.2,1468.3000000000002,45665,439,440,879,58388,62699,121087,508.2,341.8,850,,,,,,,,,,,,,,,,,,,,,,,,,,,,,,,,,,
01-09,463,463,926,66557,64062,130619,414.397,705.225,1119.622,45666,747,761,1508,104987,117217,222204,2358.52,3654.06,6012.58,45666,589,605,1194,89167,97147,186314,1900.96,1877.6,3778.56,45300,456,458,914,69239,73513,142752,697.24,474.19,1171.43,45666,624,634,1258,90560,92554,183114,1985.457,4459.249,6444.706,45666,431,430,861,61991,65320,127311,840.792,1410.116,2250.908,45666,495,500,995,74301,72686,146987,528.72,451.35,980.07,45666,387,381,768,64672,70943,135615,718.257,643.691,1361.948,45666,753,752,1505,95972,118107,214079,3755,6766,10521,45666,298,300,598,46479,44041,90520,490.2,611.8,1102,45666,451,447,898,67786,62150,129936,590.2,565.3,1155.6,45666,451,456,907,60350,64133,124483,570.1,361.2,931.3,,,,,,,,,,,,,,,,,,,,,,,,,,,,,,,,,,
01-10,482,479,961,69412,67108,136520,410.795,623.052,1033.847,45667,768,763,1531,108368,114034,222402,2376.54,3121.61,5498.15,45667,622,621,1243,91311,98339,189650,2109.2,2051.91,4161.1,45667,472,475,947,69233,75123,144356,696.43,472.42,1168.85,45667,640,641,1281,94129,94364,188493,1998.3,3790.746,5789.046,45667,431,435,866,63066,65275,128341,859.6743,1350.3573,2210.0316,45667,521,530,1051,76010,76844,152854,635.58,576.44,1212.02,45667,388,396,784,66652,69681,136333,690.281,610.157,1300.438,45667,756,759,1515,98842,121759,220601,3945,6737,10682,45667,294,294,588,46240,45154,91394,528.1,544.8,1072.9,45667,447,455,902,66697,64133,130830,603,583.8,1186.8,45667,465,462,927,61941,61316,123257,451.6,315.5,767.1,,,,,,,,,,,,,,,,,,,,,,,,,,,,,,,,,,
01-11,464,465,929,65208,63751,128959,438.692,657.727,1096.4189999999999,45668,742,738,1480,101347,109610,210957,2787.59,4272.84,7060.43,45668,607,622,1229,86906,96939,183845,2330.41,2199.05,4529.46,45668,466,469,935,66421,71422,137843,669.2,498.54,1167.74,45668,642,642,1284,86853,88625,175478,1989.861,4026.038,6015.899,45668,422,430,852,58281,63667,121948,811.265,1406.044,2217.309,45668,517,510,1027,74268,72624,146892,626.68,540.15,1166.83,45668,387,386,773,60910,65397,126307,631.78,603.46,1235.24,45668,756,748,1504,99509,117956,217465,4224,6194,10418,45668,297,297,594,43571,43386,86957,486.1,554.7,1040.8000000000002,45668,456,459,915,64992,61660,126652,607.6,847.3,1454.9,45668,459,460,919,58622,60497,119119,490.577,419.493,910.0699999999999,,,,,,,,,,,,,,,,,,,,,,,,,,,,,,,,,,
01-12,478,476,954,67114,66155,133269,425.502,679.569,1105.071,45669,755,759,1514,101153,113050,214203,2325.96,3977.73,6303.69,45669,624,610,1234,91739,98372,190111,2400.34,1934.99,4335.33,45669,482,474,956,69453,71349,140802,627.17,482.85,1110.02,45669,621,628,1249,90752,89779,180531,1507.37,3936.352,5443.722,45669,438,427,865,60966,63988,124954,830.218,1302.139,2132.357,45669,531,530,1061,74085,74076,148161,584.52,573.44,1157.96,45669,389,393,782,63686,65877,129563,628.658,580.534,1209.192,45669,757,750,1507,106803,117648,224451,4346,6660,11006,45669,298,300,598,43278,43939,87217,493.7,548.7,1042.4,45669,464,458,922,66484,62251,128735,600.5,618.6,1219.1,45669,467,468,935,58715,61665,120380,536.9,402.1,939,,,,,,,,,,,,,,,,,,,,,,,,,,,,,,,,,,
01-13,490,491,981,67106,67055,134161,417.283,677.401,1094.684,45670,753,754,1507,102642,112807,215449,2139.35,3481.38,5620.73,45670,606,603,1209,87629,96623,184252,2044.28,2202.93,4247.21,45670,470,474,944,68235,71328,139563,568.06,440.15,1008.21,45670,612,615,1227,88356,90881,179237,1486.721,2624.767,4111.487999999999,45670,426,427,853,57683,64712,122395,759.177,1576.317,2335.494,45670,534,531,1065,75418,72178,147596,626.25,585.56,1211.81,45670,389,388,777,64219,67784,132003,626.521,547.423,1173.944,45670,752,766,1518,102678,119401,222079,3843,5960,9803,45670,290,292,582,44280,42683,86963,462.2,445.3,907.5,45670,464,460,924,67157,63810,130967,521.4,385.6,906.9,45670,467,466,933,58087,62231,120318,518.3,352.6,870.9,,,,,,,,,,,,,,,,,,,,,,,,,,,,,,,,,,
01-14,499,501,1000,69845,64627,134472,421.757,696.53,1118.287,45671,779,791,1570,104381,121239,225620,2503.06,3608.62,6111.68,45671,623,615,1238,89477,96707,186184,2148.653,2010.971,4159.624,45671,466,474,940,68384,71573,139957,670.549,496.896,1167.445,45671,639,635,1274,90496,93759,184255,2083.754,4563.776,6647.53,45671,449,452,901,59537,69022,128559,887.785,1257.083,2144.868,45671,547,557,1104,79888,76153,156041,643.8,714.32,1358.12,45671,393,389,782,66651,69248,135899,695.39,693.6,1388.99,45671,763,772,1535,104397,123085,227482,3571,6303,9874,45671,300,304,604,45879,42994,88873,529.1,478.3,1007.4000000000001,45671,476,485,961,70644,65851,136495,655.4,668,1323.4,45671,477,475,952,66114,67858,133972,695.1,410.2,1105.3,,,,,,,,,,,,,,,,,,,,,,,,,,,,,,,,,,
01-15,517,517,1034,74403,68778,143181,489.977,713.695,1203.672,45672,796,803,1599,112602,125890,238492,2534.92,4020.59,6555.51,45672,611,622,1233,96421,99787,196208,2281.64,2281.85,4563.49,45672,478,486,964,74334,75095,149429,820.68,471.51,1292.19,45672,658,653,1311,92663,100516,193179,2210.363,4379.668,6590.030999999999,45672,462,460,922,60371,71091,131462,1033.47,1828.56,2862.0299999999997,45672,556,559,1115,82408,76967,159375,635.59,627.16,1262.75,45672,401,405,806,71573,74057,145630,713.11,715.497,1428.607,45672,777,782,1559,107377,125581,232958,4063,6918,10981,45672,307,310,617,49932,46042,95974,566.3,645.3,1211.6,45672,496,499,995,75367,70942,146309,740.9,854.7,1595.6,45672,478,497,975,67836,70618,138454,659.9,479.7,1139.6,,,,,,,,,,,,,,,,,,,,,,,,,,,,,,,,,,
01-16,512,513,1025,72848,70559,143407,472.132,758.156,1230.288,45673,817,801,1618,113668,127330,240998,2754.63,4093.82,6848.45,45673,619,620,1239,99121,99000,198121,2435.838,2214.0279,4649.8659,45673,483,481,964,75487,74420,149907,757.278,507.041,1264.319,45673,653,653,1306,93976,101117,195093,2299.719,4747.95000000001,7047.66900000001,45673,468,474,942,63350,73682,137032,977.396,1449.482,2426.8779999999997,45673,562,561,1123,85783,77537,163320,723.23,558.39,1281.62,45673,397,396,793,70457,72847,143304,696.204,672.695,1368.899,45673,793,790,1583,108475,127579,236054,4419,7029,11443,45673,308,308,616,48891,45157,94048,526.8,557.8,1084.6,45673,494,489,983,75290,71150,146440,702.5,601.7,1304.2,45673,482,494,976,65711,66116,131827,658.4,449.1,1107.5,,,,,,,,,,,,,,,,,,,,,,,,,,,,,,,,,,
01-17,525,525,1050,77242,71037,148279,475.399,731.117,1206.516,45674,816,809,1625,115635,126688,242323,2597.65,4000.84,6598.49,45674,632,627,1259,100691,99363,200054,2700.02,2356.91,5056.93,45674,490,490,980,77018,76193,153211,800.07,520.16,1320.23,45674,671,662,1333,93742,102009,195751,2171.65,4160.138,6331.7880000000005,45674,469,474,943,63508,72262,135770,1107.9447,1707.152,2815.0967,45674,564,564,1128,84711,78820,163531,713.09,698.56,1411.65,45674,401,408,809,67646,73393,141039,738.31,682.51,1420.82,45674,806,804,1610,105208,131674,236882,5138,7185,12323,45674,305,306,611,48714,45697,94411,521.3,581.4,1102.6999999999998,45674,502,509,1011,77563,72292,149855,703.5,803,1506.5,45674,501,516,1017,67489,65406,132895,642.8,502.8,1145.6,,,,,,,,,,,,,,,,,,,,,,,,,,,,,,,,,,
01-18,523,524,1047,76965,71648,148613,488.421,796.916,1285.337,45675,798,803,1601,112161,128894,241055,3277.73,4280.52,7558.25,45675,642,645,1287,100726,99180,199906,2849.69,2644.79,5494.48,45675,483,487,970,74451,75185,149636,788.28,541.83,1330.11,45675,652,661,1313,90933,101375,192308,2027.836,4645.21,6673.046,45675,476,472,948,63862,72720,136582,1023.2939,1612.637,2635.9309,45675,560,566,1126,84800,80205,165005,767.35,737.34,1504.69,45675,399,398,797,63296,72710,136006,744.196,696.187,1440.383,45675,798,808,1606,106129,135825,241954,4526,5955,10481,45675,307,311,618,48847,45252,94099,581.5,632.2,1213.7,45675,511,509,1020,78445,73857,152302,756,819.2,1575.2,45675,493,491,984,66750,63401,130151,687.6,544.9,1232.5,,,,,,,,,,,,,,,,,,,,,,,,,,,,,,,,,,
01-19,532,531,1063,76321,73170,149491,486.235,815.326,1301.5610000000001,45676,797,796,1593,109585,130035,239620,2930.9,4144.91,7075.81,45676,629,623,1252,101454,98314,199768,2687.188,2205.218,4892.406,45676,496,494,990,76519,73455,149974,771.283,633.676,1404.959,45676,648,654,1302,87921,100632,188553,1810.297,4456.169,6266.466,45676,462,462,924,61902,70713,132615,1107.415,1573.291,2680.706,45676,551,561,1112,76069,77815,153884,681.37,657.51,1338.88,45676,405,405,810,62885,72824,135709,735.386,639.129,1374.515,45676,818,803,1621,110964,131484,242448,4766,7131,11897,45676,355,354,709,48381,44117,92498,638.7,755.9,1394.6,45676,500,505,1005,77132,71068,148200,691,770.8,1461.8,45676,492,495,987,68923,65785,134708,722.8,557.5,1280.3,,,,,,,,,,,,,,,,,,,,,,,,,,,,,,,,,,
01-20,532,531,1063,78802,72536,151338,505.859,877.593,1383.452,45677,798,797,1595,111995,131963,243958,2379.19,4189.55,6568.74,45677,625,633,1258,98865,97448,196313,2510.78,2719.46,5230.24,45677,498,489,987,77708,74291,151999,695.75,552.1,1247.85,45677,644,638,1282,85524,101981,187505,1970.902,3102.381,5073.282999999999,45677,465,472,937,62844,74028,136872,897.026,1467.451,2364.477,45677,580,566,1146,86239,78911,165150,730.22,708.39,1438.6100000000001,45677,402,398,800,61802,71659,133461,717.88,618.96,1336.84,45677,796,809,1605,105599,130869,236468,3668,6206,9874,45677,312,310,622,48958,44460,93418,514.7,536.3,1051,45677,507,501,1008,79012,69877,148889,637.6,497.3,1134.9,45677,478,483,961,67781,64112,131893,665.1,488.3,1153.4,,,,,,,,,,,,,,,,,,,,,,,,,,,,,,,,,,
01-21,523,527,1050,78860,73668,152528,557.832,905.455,1463.287,45678,801,812,1613,108903,135025,243928,2734.07,4135.65,6869.72,45678,637,618,1255,100066,94760,194826,2658.56,2344.48,5003.04,45678,485,492,977,75658,75971,151629,743.84,533.18,1277.02,45678,667,666,1333,84607,103849,188456,2387.471,5022.348,7409.8189999999995,45678,481,480,961,62396,76197,138593,1164.342,1500.589,2664.931,45678,561,566,1127,86837,80136,166973,689.3,816.05,1505.35,45678,399,397,796,62624,71791,134415,791.007,744.513,1535.52,45678,811,796,1607,106298,130253,236551,4319,6230,10549,45678,307,307,614,49855,42860,92715,600.4,648.2,1248.6,45678,509,510,1019,81098,69749,150847,784.8,840.9,1625.7,45678,495,518,1013,69133,65750,134883,755.5,519.2,1274.7,,,,,,,,,,,,,,,,,,,,,,,,,,,,,,,,,,
01-22,534,534,1068,79748,75185,154933,547.594,974.333,1521.9270000000001,45679,811,818,1629,114444,137895,252339,2691.44,3854.67,6546.11,45679,639,644,1283,100119,99447,199566,2756.2774,2876.8691,5633.1465,45679,505,506,1011,76741,79880,156621,764.05,586.338,1350.388,45679,662,664,1326,87275,106933,194208,2280.523,4690.596,6971.119,45679,496,488,984,64081,76093,140174,1203.34,1930.0284,3133.3684,45679,585,574,1159,91345,82838,174183,781.35,680.68,1462.03,45679,398,403,801,64774,74674,139448,818.483,774.155,1592.638,45679,806,815,1621,108246,134224,242470,4320,7804,12124,45679,307,310,617,50644,44432,95076,589.9,661.9,1251.8,45679,512,509,1021,81649,71400,153049,834.5,937.7,1772,45679,510,507,1017,72530,68119,140649,786.3,614.9,1401.1999999999998,,,,,,,,,,,,,,,,,,,,,,,,,,,,,,,,,,
01-23,531,531,1062,81109,76843,157952,526.527,892.906,1419.433,45680,816,815,1631,113817,137207,251024,2817.87,4462.21,7280.08,45680,623,629,1252,97143,101501,198644,2571.67,2554.15,5125.82,45680,493,497,990,75428,79680,155108,694.36,536.43,1230.79,45680,664,661,1325,91269,106619,197888,2335.223,4691.977,7027.2,45680,492,501,993,64967,77350,142317,1076.171,1469.8,2545.971,45680,569,573,1142,91051,84702,175753,654.29,678.36,1332.65,45680,403,402,805,62687,74022,136709,780.18,729.13,1509.31,45680,827,835,1662,113421,137980,251401,4482,7828,12310,45680,322,320,642,51907,45329,97236,551.8,695.6,1247.4,45680,507,518,1025,81807,75271,157078,689,693.5,1382.5,45680,497,499,996,75456,72059,147515,829.1,508.5,1337.6,,,,,,,,,,,,,,,,,,,,,,,,,,,,,,,,,,
01-24,529,529,1058,78612,80300,158912,522.947,948.543,1471.49,45681,806,805,1611,115844,134303,250147,2716.73,4313.77,7030.5,45681,623,642,1265,95219,103707,198926,2828.931,2717.383,5546.314,45681,501,493,994,74159,81453,155612,681.246,582.766,1264.012,45681,662,667,1329,92444,107353,199797,2003.647,4244.268,6247.915,45681,470,479,949,64266,75069,139335,1052.895,1511.543,2564.438,45681,567,569,1136,88707,85909,174616,711.48,784.43,1495.9099999999999,45681,391,397,788,59746,72734,132480,770.326,687.6,1457.926,45681,814,809,1623,115099,135689,250788,3683,6930,10613,45681,317,312,629,50555,46808,97363,522,681.7,1203.7,45681,519,514,1033,82608,76257,158865,655,695.2,1350.2,45681,469,468,937,66252,66784,133036,612.7,386.3,999,,,,,,,,,,,,,,,,,,,,,,,,,,,,,,,,,,
01-25,531,532,1063,80217,79360,159577,473.144,922.155,1395.299,45682,812,803,1615,120510,138651,259161,3030.61,4503.82,7534.43,45682,643,649,1292,98118,107695,205813,2423.93,2622.65,5046.58,45682,479,493,972,72558,81457,154015,564.67,470.92,1035.59,45682,661,656,1317,95419,105048,200467,1563.126,4165.389,5728.515,45682,470,470,940,68016,74478,142494,801.472,1138.638,1940.11,45682,570,577,1147,89332,88103,177435,581.12,730.74,1311.8600000000001,45682,399,396,795,63026,73073,136099,741.468,619.379,1360.847,45682,805,809,1614,120290,138178,258468,3419,6840,10259,45682,316,319,635,48957,47171,96128,455.6,612,1067.6,45682,512,522,1034,80094,81297,161391,607.8,990.8,1598.6,45682,500,498,998,69672,65640,135312,661.9,313.4,975.3,,,,,,,,,,,,,,,,,,,,,,,,,,,,,,,,,,
01-26,529,530,1059,78224,76705,154929,412.146,868.66,1280.806,45683,802,804,1606,118094,135155,253249,2343.36,3684.15,6027.51,45683,638,629,1267,95527,100991,196518,2204.71,2323.88,4528.59,45683,498,500,998,71533,79766,151299,522.09,463.74,985.83,45683,639,646,1285,93416,103520,196936,1237.305,3819.041,5056.3460000000005,45683,491,469,960,67559,73877,141436,946.111,1232.7864,2178.8974,45683,585,578,1163,86516,85925,172441,439.03,672.85,1111.88,45683,395,397,792,58525,70219,128744,663.15,530.59,1193.74,45683,823,821,1644,119440,136528,255968,2971,7207,10178,45683,313,324,637,48180,47000,95180,398.3,576.3,974.5999999999999,45683,527,511,1038,80914,76574,157488,530.9,659.7,1190.6,45683,508,508,1016,69637,69338,138975,377.1,287.4,664.5,,,,,,,,,,,,,,,,,,,,,,,,,,,,,,,,,,
01-27,520,515,1035,76562,71343,147905,232.626,701.688,934.314,45684,789,787,1576,118670,128707,247377,2133.7,3396.6,5530.3,45684,632,616,1248,90620,98468,189088,1898.75,2190.34,4089.09,45684,502,490,992,69938,78598,148536,289.03,359.95,648.98,45684,635,629,1264,93709,100119,193828,974.384,2450.376,3424.76,45684,463,468,931,64483,72340,136823,668.513,1115.749,1784.2620000000002,45684,578,575,1153,82887,84337,167224,349.07,600.6,949.6700000000001,45684,399,398,797,59905,68790,128695,561.301,429.901,991.202,45684,784,801,1585,113543,131007,244550,1701,5586,7287,45684,309,308,617,46757,45601,92358,325.8,391.5,717.3,45684,507,514,1021,77763,78219,155982,325.5,330.7,656.2,45684,494,492,986,63917,65463,129380,286.9,196,482.9,,,,,,,,,,,,,,,,,,,,,,,,,,,,,,,,,,
01-28,438,444,882,59878,57835,117713,77.777,316.709,394.486,45685,747,738,1485,101584,114115,215699,2190.83,3532.22,5723.05,45685,557,521,1078,74077,79386,153463,1292.965,1769.969,3062.934,45685,442,416,858,58357,64861,123218,229.611,273.066,502.677,45685,573,573,1146,84666,91610,176276,576.782,2803.208,3379.9900000000002,45685,435,414,849,56447,63672,120119,339.465,694.458,1033.923,45685,524,512,1036,76127,74433,150560,221.88,577.09,798.97,45685,341,341,682,47101,59323,106424,200.865,322.944,523.809,45685,793,760,1553,100317,121560,221877,1446,5683,7129,45685,288,279,567,43522,40718,84240,230.2,206.4,436.6,45685,465,439,904,70542,63460,134002,186.4,469.2,655.6,45685,426,427,853,57938,59070,117008,118.8,139.7,258.5,,,,,,,,,,,,,,,,,,,,,,,,,,,,,,,,,,
01-29,482,476,958,67003,61552,128555,28.188,91.511,119.699,45686,739,736,1475,108273,115478,223751,2401.26,3500.18,5901.44,45686,556,565,1121,79855,92235,172090,1135.28,1686.07,2821.35,45686,429,450,879,63442,73298,136740,151.37,252.81,404.18,45686,589,586,1175,91994,91075,183069,525.108999999999,2072.853,2597.961999999999,45686,447,454,901,64293,71275,135568,155.596,599.094,754.69,45686,532,536,1068,79658,77729,157387,203.93,352.43,556.36,45686,379,387,766,62535,68036,130571,233.06,131.03,364.09,45686,768,778,1546,102166,113610,215776,1528,5866,7394,45686,283,291,574,46258,45898,92156,155.8,129.5,285.3,45686,460,469,929,71653,70152,141805,96,458.2,554.2,45686,471,466,937,64843,62864,127707,34.9,73.5,108.4,,,,,,,,,,,,,,,,,,,,,,,,,,,,,,,,,,
01-30,514,516,1030,77551,75530,153081,31.436,106.313,137.749,45687,761,771,1532,115201,122791,237992,2257.32,3327.44,5584.76,45687,559,578,1137,88062,99337,187399,1052.53,1532.35,2584.88,45687,459,469,928,71083,78276,149359,152.06,214.96,367.02,45687,602,603,1205,96926,95691,192617,395.34,2121.974,2517.3140000000003,45687,451,456,907,69816,73520,143336,139.36,478.7635,618.1235,45687,565,570,1135,87034,86423,173457,221.78,323.51,545.29,45687,395,396,791,70052,70946,140998,241.091,131.758,372.849,45687,779,784,1563,114932,126768,241700,1748,5304,7052,45687,294,290,584,48233,47394,95627,199,149.1,348.1,45687,493,500,993,77699,79677,157376,104.7,248.5,353.2,45687,473,479,952,68825,70598,139423,47.6,27.9,75.5,,,,,,,,,,,,,,,,,,,,,,,,,,,,,,,,,,
01-31,519,517,1036,80049,78119,158168,82.503,208.293,290.796,45688,781,778,1559,123102,125899,249001,2423.6,3696.5,6120.1,45688,576,590,1166,93070,101855,194925,1361.803,1740.896,3102.699,45688,497,484,981,81366,81230,162596,181.95,281.563,463.513,45688,606,612,1218,99272,99039,198311,518.935999999999,1741.664,2260.599999999999,45688,452,457,909,71046,73290,144336,225.875,604.64,830.515,45688,575,581,1156,89273,89072,178345,246.86,402.78,649.64,45688,392,396,788,70095,71414,141509,266.386,163.288,429.674,45688,785,775,1560,122911,127241,250152,2056,3886,5942,45688,290,291,581,49996,48000,97996,188.8,204.3,393.1,45688,491,494,985,79697,79358,159055,135.7,92.7,228.39999999999998,45688,487,485,972,71084,71986,143070,101.5,68.8,170.3,,,,,,,,,,,,,,,,,,,,,,,,,,,,,,,,,,
02-01,520,522,1042,80580,80049,160629,118.357,354.851,473.20799999999997,45689,774,778,1552,122811,128724,251535,2739.5,3291.46,6030.96,45689,580,590,1170,94931,102688,197619,1487.37,1777.52,3264.89,45689,477,483,960,78021,81259,159280,216.39,283.67,500.06,45689,607,605,1212,99623,98129,197752,503.665,1803.128,2306.793,45689,459,457,916,73939,74330,148269,198.025,374.894,572.919,45689,577,575,1152,91158,88359,179517,272.93,351.93,624.86,45689,398,391,789,69815,70888,140703,319.3,176.07,495.37,45689,779,784,1563,126016,131443,257459,2274,3714,5988,45689,295,297,592,49624,46586,96210,192.2,282.8,475,45689,499,508,1007,80655,82264,162919,174.7,298.3,473,45689,485,487,972,74500,72090,146590,110.7,50.4,161.1,,,,,,,,,,,,,,,,,,,,,,,,,,,,,,,,,,
02-02,523,523,1046,80775,80460,161235,154.651,532.315,686.9660000000001,45690,781,780,1561,125872,129816,255688,2317.85,3294.6,5612.45,45690,606,608,1214,101400,104512,205912,1706.56,1639.86,3346.42,45690,496,493,989,81187,82081,163268,271.83,336.04,607.87,45690,616,619,1235,101488,99461,200949,399.788,2002.057,2401.8450000000003,45690,450,455,905,73871,72685,146556,251.985,351.028,603.013,45690,581,585,1166,90829,89169,179998,293.81,407.26,701.0699999999999,45690,404,403,807,71792,73249,145041,356.627,200.449,557.076,45690,781,781,1562,128583,130500,259083,2864,3635,6499,45690,303,298,601,49276,44986,94262,221.3,328.3,549.6,45690,502,499,1001,81380,81529,162909,198.3,148.4,346.7,45690,496,494,990,73273,73357,146630,126,54.9,180.9,,,,,,,,,,,,,,,,,,,,,,,,,,,,,,,,,,
02-03,526,525,1051,81395,82570,163965,191.748,654.774,846.5219999999999,45691,789,788,1577,136047,128079,264126,2237.7,2951.46,5189.16,45691,622,611,1233,107638,104744,212382,1678.843,1588.484,3267.327,45691,489,492,981,82433,81174,163607,309.871,254.75,564.621,45691,615,615,1230,105111,99447,204558,674.64,1401.349,2075.989,45691,464,459,923,79419,73409,152828,287.9973,432.87,720.8673,45691,588,582,1170,91534,88707,180241,382.05,458.59,840.64,45691,407,405,812,74822,72852,147674,369.271,229.282,598.553,45691,779,792,1571,135615,128597,264212,2339,3211,5550,45691,308,307,615,50322,49685,100007,246.7,301.5,548.2,45691,505,506,1011,80878,85138,166016,205.7,193.9,399.6,45691,494,495,989,74211,75640,149851,159.5,77,236.5,,,,,,,,,,,,,,,,,,,,,,,,,,,,,,,,,,
02-04,524,523,1047,81373,84313,165686,193.426,766.264,959.69,45692,787,789,1576,133510,124125,257635,2355.26,3414.84,5770.1,45692,608,611,1219,110062,104436,214498,1548.11,1044.39,2592.5,45692,489,497,986,84927,82073,167000,359.72,312.65,672.37,45692,615,615,1230,107170,96846,204016,834.187,2106.63,2940.817,45692,454,457,911,78055,71738,149793,302.107,443.636,745.743,45692,581,585,1166,91229,90893,182122,330.6,439.13,769.73,45692,403,395,798,68327,71335,139662,369.44,227.32,596.76,45692,798,780,1578,141976,122741,264717,3236,4350,6686,45692,308,306,614,50734,50321,101055,292,349.2,641.2,45692,515,512,1027,82279,85886,168165,217.5,361.2,578.7,45692,491,493,984,69184,73925,143109,161.9,102.6,264.5,,,,,,,,,,,,,,,,,,,,,,,,,,,,,,,,,,
02-05,536,530,1066,83610,84027,167637,223.142,805.015,1028.157,45693,791,798,1589,133429,125399,258828,2190.69,3240.04,5430.73,45693,632,613,1245,109048,99562,208610,1860.37,1448.39,3308.76,45693,509,499,1008,85809,80415,166224,377.71,274.43,652.14,45693,621,616,1237,104891,97525,202416,1141.307,1768.77,2910.077,45693,453,456,909,77218,70844,148062,353.7332,508.775,862.5082,45693,599,590,1189,93551,92521,186072,502.79,427.87,930.6600000000001,45693,401,402,803,73038,67285,140323,468.233,299.324,767.557,45693,785,790,1575,137411,120374,257785,3598,3296,6894,45693,301,306,607,50092,50973,101065,335.4,469.5,804.9,45693,509,519,1028,80759,85473,166232,321.9,464.6,786.5,45693,499,497,996,70435,73678,144113,196.9,135.9,332.8,,,,,,,,,,,,,,,,,,,,,,,,,,,,,,,,,,
02-06,524,524,1048,82153,83460,165613,298.964,824.259,1123.223,45694,784,788,1572,130133,123889,254022,2404.15,2930.35,5334.5,45694,596,611,1207,102357,98599,200956,1638.551,1303.111,2941.662,45694,478,491,969,80296,79088,159384,375.886,341.249,717.135,45694,624,625,1249,105740,95308,201048,1317.834,2529.742,3847.576,45694,461,459,920,77169,71379,148548,458.144,647.274,1105.4180000000001,45694,582,586,1168,91339,92428,183767,428.69,423.4,852.0899999999999,45694,397,396,793,73061,65842,138903,469.501,452.367,921.868,45694,791,796,1587,134780,114778,249558,3772,3832,7604,45694,311,304,615,51638,50301,101939,437.8,448.7,886.5,45694,515,508,1023,81854,84113,165967,412.5,436.5,849,45694,495,499,994,70441,72988,143429,269.9,144.6,414.5,,,,,,,,,,,,,,,,,,,,,,,,,,,,,,,,,,
02-07,523,522,1045,79822,82315,162137,314.409,812.383,1126.792,45695,782,785,1567,128451,117600,246051,2290.04,2669.11,4959.15,45695,599,615,1214,99077,96308,195385,1881.04,1461.45,3342.49,45695,496,489,985,81446,77262,158708,386.19,352.6,738.79,45695,635,631,1266,103859,93893,197752,1546.411,2376.927,3923.338,45695,447,457,904,73347,67894,141241,447.951,678.61,1126.5610000000001,45695,575,580,1155,86664,90775,177439,532.76,432.58,965.3399999999999,45695,392,397,789,70601,63894,134495,539.63,461.63,1001.26,45695,775,767,1542,130994,104518,235512,3564,3128,6692,45695,304,307,611,47676,49796,97472,391.5,431.1,822.6,45695,504,511,1015,80820,83371,164191,472.2,550.2,1022.5,45695,501,497,998,69695,71345,141040,290.4,156.6,447,,,,,,,,,,,,,,,,,,,,,,,,,,,,,,,,,,
02-08,522,523,1045,84788,82455,167243,297.673,846.124,1143.797,45696,762,771,1533,124787,115921,240708,2249.06,2901.88,5150.94,45696,623,620,1243,102555,94753,197308,1961.27,1649.68,3610.95,45696,489,487,976,80296,75283,155579,393.09,392.17,785.26,45696,625,633,1258,103376,89122,192498,1393.799,2804.261,4198.0599999999995,45696,458,453,911,74846,66709,141555,504.951,694.519,1199.47,45696,570,581,1151,85188,90050,175238,460.66,521.83,982.49,45696,395,388,783,70708,60197,130905,534.94,464.434,999.374,45696,783,794,1577,134387,105994,240381,3572,4356,7928,45696,299,304,603,45974,49702,95676,390.2,446.5,836.7,45696,510,505,1015,78072,81421,159493,500.7,719.5,1220.2,45696,491,489,980,67293,69136,136429,327.7,136.6,464.29999999999995,,,,,,,,,,,,,,,,,,,,,,,,,,,,,,,,,,
02-09,532,531,1063,80887,83049,163936,335.769,941.673,1277.442,45697,809,770,1579,129894,117094,246988,2508.33,3339.22,5847.55,45697,637,616,1253,108771,96948,205719,1981.513,1633.168,3614.681,45697,495,490,985,82659,75422,158081,405.658,394.763,800.421,45697,626,624,1250,105513,91032,196545,1054.258,2576.797,3631.0550000000003,45697,460,457,917,74829,65577,140406,574.58,818.585,1393.165,45697,592,578,1170,84561,88297,172858,530.63,527.69,1058.3200000000002,45697,401,401,802,74411,64441,138852,573.505,442.664,1016.169,45697,800,781,1581,134428,105427,239855,3868,4389,8257,45697,311,307,618,45562,50698,96260,413.1,422.3,835.4000000000001,45697,524,516,1040,78997,83687,162684,473.3,526.9,1000.2,45697,489,495,984,66969,71055,138024,323.2,177.8,501,,,,,,,,,,,,,,,,,,,,,,,,,,,,,,,,,,
02-10,529,529,1058,74842,83221,158063,291.626,900.361,1191.987,45698,756,770,1526,123172,116743,239915,1985.4,2997.44,4982.84,45698,608,609,1217,102755,93344,196099,1735.38,1643.9,3379.28,45698,486,483,969,79350,74506,153856,422.84,297.45,720.29,45698,619,615,1234,101984,89449,191433,1150.778,2164.37,3315.148,45698,460,459,919,72232,62721,134953,510.945,624.979,1135.924,45698,573,573,1146,78741,88029,166770,508.72,489.87,998.59,45698,392,392,784,71915,64004,135919,492.57,375.47,868.04,45698,769,778,1547,129141,99555,228696,3272,3853,7124,45698,304,307,611,42582,51183,93765,339.6,323.2,662.8,45698,503,508,1011,73777,82662,156439,421.5,479.6,901.1,45698,492,500,992,64545,68930,133475,328.1,133.8,461.90000000000003,,,,,,,,,,,,,,,,,,,,,,,,,,,,,,,,,,
02-11,519,520,1039,75247,79522,154769,303.084,928.417,1231.501,45699,755,758,1513,114600,112691,227291,2047.95,3179.2,5227.15,45699,593,592,1185,96060,87169,183229,1629.22,1472.81,3102.03,45699,474,469,943,75458,70471,145929,465.09,344.43,809.52,45699,624,624,1248,100037,85566,185603,1538.819,3280.103,4818.9220000000005,45699,462,459,921,73678,58676,132354,579.185,860.118,1439.3029999999999,45699,553,565,1118,75015,86252,161267,452.54,601.65,1054.19,45699,384,387,771,69112,60477,129589,545.555,472.015,1017.57,45699,769,769,1538,126969,93420,220389,3747,5098,8845,45699,302,306,608,40648,48815,89463,429.5,472.2,901.7,45699,496,499,995,68707,79961,148668,489.7,698,1187.7,45699,476,480,956,65764,70015,135779,319.8,151.4,471.20000000000005,,,,,,,,,,,,,,,,,,,,,,,,,,,,,,,,,,
02-12,494,493,987,71351,74938,146289,318.444,829.357,1147.801,45700,723,712,1435,111874,105579,217453,2406.96,3579.98,5986.94,45700,581,561,1142,97752,79285,177037,1699.873,1528.306,3228.179,45700,445,441,886,70729,64440,135169,434.792,298.872,733.664,45700,591,586,1177,90786,78664,169450,1543.242,2880.833,4424.075,45700,449,443,892,70535,52478,123013,621.829,821.307,1443.136,45700,554,535,1089,72764,80623,153387,516.71,500.89,1017.6,45700,360,362,722,68589,56719,125308,536.154,473.015,1009.169,45700,761,752,1513,124475,85333,209808,3867,5429,9296,45700,299,288,587,39732,46411,86143,419.5,380.1,799.6,45700,498,489,987,67006,76948,143954,533.2,702.5,1235.7,45700,458,462,920,57691,63710,121401,333.3,197.3,530.6,,,,,,,,,,,,,,,,,,,,,,,,,,,,,,,,,,
02-13,523,523,1046,77682,81020,158702,276.426,745.043,1021.469,45701,656,674,1330,100605,107635,208240,2458.37,4012.17,6470.54,45701,596,611,1207,102955,94917,197872,1728.46,1521.57,3250.03,45701,473,478,951,78722,73421,152143,452.27,324.43,776.7,45701,628,635,1263,97592,93491,191083,1531.37,3578.198,5109.567999999999,45701,452,453,905,72016,66822,138838,519.271,954.327,1473.598,45701,555,557,1112,82741,85266,168007,435.85,432.33,868.1800000000001,45701,401,400,801,74155,66893,141048,582.53,455.81,1038.34,45701,774,790,1564,125678,102290,227968,4313,5868,10181,45701,306,305,611,45358,49145,94503,422.7,487,909.7,45701,492,493,985,74290,77891,152181,466.136,591.1,1057.236,45701,475,478,953,66937,70039,136976,287.4,181.2,468.59999999999997,,,,,,,,,,,,,,,,,,,,,,,,,,,,,,,,,,
02-14,527,527,1054,76484,82231,158715,305.301,595.588,900.8889999999999,45702,656,674,1330,100605,107635,208240,2458.37,4012.17,6470.54,45702,612,623,1235,104646,93390,198036,1970.015,1784.5883,3754.6033,45702,489,494,983,78634,74444,153078,472.38,343.181,815.561,45702,635,638,1273,94709,94163,188872,1675.708,3322.634,4998.342000000001,45702,454,459,913,70679,65989,136668,744.112,1108.513,1852.625,45702,559,565,1124,83006,84652,167658,480.26,469.03,949.29,45702,396,399,795,73916,66479,140395,565.174,424.227,989.401,45702,786,786,1572,126662,106551,233213,4320,5243,9563,45702,298,302,600,46181,48680,94861,399.4,386.8,786.2,45702,502,499,1001,76800,77256,154056,512.793,602.955,1115.748,45702,487,486,973,64835,68374,133209,396.7,167.05,563.75,,,,,,,,,,,,,,,,,,,,,,,,,,,,,,,,,,
02-15,518,518,1036,74533,80431,154964,294.477,568.594,863.071,45703,675,669,1344,101428,107640,209068,2194.42,3091.43,5285.85,45703,614,609,1223,101521,87621,189142,2042.67,1965.89,4008.56,45703,486,480,966,76520,69425,145945,217.43,694.25,911.6800000000001,45703,625,626,1251,88983,89659,178642,1518.551,3529.74,5048.290999999999,45703,453,448,901,68699,64411,133110,567.971,1021.425,1589.396,45703,568,569,1137,83420,84841,168261,562.59,529.89,1092.48,45703,382,373,755,67447,58741,126188,384.422,595.949,980.371,45703,787,785,1572,127769,106579,234348,3788,5399,9187,45703,308,305,613,44468,46473,90941,427.4,438.3,865.7,45703,508,509,1017,74487,77702,152189,555.096,752.927,1308.023,45703,480,479,959,63098,66891,129989,345.2,105.3,450.5,,,,,,,,,,,,,,,,,,,,,,,,,,,,,,,,,,
02-16,522,523,1045,76072,80539,156611,290.535,693.591,984.126,45704,668,665,1333,100465,106455,206920,2476.47,3717.2,6193.67,45704,616,617,1233,104033,92717,196750,2018.63,1753.27,3771.9,45704,482,488,970,76979,71435,148414,486.72,414.79,901.51,45704,619,630,1249,95284,94135,189419,1108.988,3122.681,4231.669,45704,433,446,879,68601,64489,133090,683.958,970.204,1654.1619999999998,45704,560,564,1124,80150,85817,165967,475.43,513.43,988.8599999999999,45704,387,387,774,68354,66076,134430,453.62,376.03,829.65,45704,777,776,1553,124600,109463,234063,4513,6112,10625,45704,310,314,624,44770,50336,95106,413.8,423.2,837,45704,489,484,973,71406,74742,146148,472.23,580.403,1052.633,45704,487,487,974,63569,68980,132549,324.4,222.2,546.5999999999999,,,,,,,,,,,,,,,,,,,,,,,,,,,,,,,,,,
02-17,515,515,1030,73838,78720,152558,308.288,698.889,1007.177,45705,675,673,1348,107506,108742,216248,2240.15,3372.1,5612.25,45705,616,602,1218,98498,91965,190463,1660.83,1769.81,3430.64,45705,484,471,955,76522,69897,146419,422.02,345.35,767.37,45705,613,602,1215,96787,91760,188547,1261.112,2297.157,3558.2690000000002,45705,463,443,906,71666,65407,137073,603.477,1084.578,1688.0549999999998,45705,552,536,1088,76386,81192,157578,502.06,521.28,1023.3399999999999,45705,395,394,789,71569,69553,141122,436.861,373.561,810.422,45705,771,753,1524,123477,106235,229712,2878,4504,7382,45705,308,295,603,42754,47243,89997,379.1,339.7,718.8,45705,489,492,981,70928,76378,147306,394.895,358.146,753.0409999999999,45705,466,467,933,60721,65298,126019,315.3,170.3,485.6,,,,,,,,,,,,,,,,,,,,,,,,,,,,,,,,,,
02-18,506,508,1014,76273,77569,153842,344.266,691.935,1036.201,45706,669,669,1338,103170,102973,206143,2291.18,3563.65,5854.83,45706,574,582,1156,89790,87811,177601,1668.82,1499.94,3168.76,45706,458,456,914,72334,68108,140442,478.78,414.42,893.2,45706,609,609,1218,93542,86582,180124,1599.2,3708.54900000001,5307.74900000001,45706,426,427,853,66633,62495,129128,596.465,1095.004,1691.469,45706,515,522,1037,72136,79448,151584,487.09,539.21,1026.3,45706,382,378,760,67567,65995,133562,521.649,490.798,1012.447,45706,733,727,1460,112810,99359,212169,3524,5414,8938,45706,299,296,595,40741,47698,88439,429.2,402.1,831.3,45706,477,481,958,68122,75027,143149,544.022,675.938,1219.96,45706,441,446,887,60435,63600,124035,373.4,193.9,567.3,,,,,,,,,,,,,,,,,,,,,,,,,,,,,,,,,,
02-19,499,492,991,77099,74466,151565,348.724,657.311,1006.0350000000001,45707,678,679,1357,104833,106743,211576,2268.68,3142.25,5410.93,45707,606,592,1198,96571,89844,186415,1875.78,1760.9,3636.68,45707,456,465,921,73161,69969,143130,479.82,371.98,851.8,45707,617,615,1232,94688,90820,185508,1793.543,3460.761,5254.304,45707,442,428,870,67680,63801,131481,644.364,1241.191,1885.555,45707,532,526,1058,74416,79777,154193,602.72,489.06,1091.78,45707,391,394,785,70796,68511,139307,591.41,515.98,1107.39,45707,746,746,1492,111930,102521,214451,4527,6390,10917,45707,298,304,602,41963,48208,90171,420.5,494.3,914.8,45707,470,470,940,66783,73290,140073,551.994,801.288,1353.282,45707,449,453,902,59635,64549,124184,364.4,197.7,562.0999999999999,,,,,,,,,,,,,,,,,,,,,,,,,,,,,,,,,,
02-20,501,504,1005,73882,75519,149401,359.582,718.274,1077.856,45708,679,674,1353,102543,107392,209935,2279.97,3859.34,6139.31,45708,590,604,1194,96838,88617,185455,1812,1798.96,3610.96,45708,474,466,940,75857,68860,144717,468.23,365.36,833.59,45708,625,627,1252,94323,93714,188037,1730.971,3915.393,5646.364,45708,429,444,873,64992,66692,131684,678.645,1197.214,1875.859,45708,526,526,1052,76572,78982,155554,498.34,488.42,986.76,45708,393,393,786,70432,68597,139029,599.009,516.009,1115.018,45708,747,755,1502,111476,108632,220108,4154,6627,10781,45708,303,301,604,43238,47034,90272,444.8,458.1,902.9000000000001,45708,482,477,959,71585,73850,145435,557.119,624.329,1181.4479999999999,45708,444,457,901,61861,62359,124220,360.2,175.8,536,,,,,,,,,,,,,,,,,,,,,,,,,,,,,,,,,,
02-21,510,511,1021,77288,77070,154358,335.861,734.861,1070.722,45709,673,684,1357,105624,108989,214613,2735.19,4202.9,6938.09,45709,615,629,1244,102967,96930,199897,2130.0724,2074.124,4204.1964,45709,480,484,964,77528,74067,151595,489.669,421.474,911.143,45709,638,637,1275,96848,97986,194834,1891.369,3449.394,5340.763,45709,443,446,889,68096,67867,135963,728.378,1288.417,2016.795,45709,541,548,1089,79299,81115,160414,596.75,599.72,1196.47,45709,396,406,802,72823,71042,143865,400.142,615.315,1015.457,45709,758,762,1520,116939,115841,232780,3983,5854,9837,45709,301,303,604,45670,48551,94221,404.9,497.7,902.5999999999999,45709,490,489,979,74459,75036,149495,534.112,656.076,1190.188,45709,465,466,931,69627,67874,137501,336.5,199.4,535.9,,,,,,,,,,,,,,,,,,,,,,,,,,,,,,,,,,
02-22,495,500,995,72866,74668,147534,359.171,769.404,1128.575,45710,683,666,1349,102463,106142,208605,2254.54,3312.85,5567.39,45710,604,596,1200,97747,89300,187047,2014.86,1971.48,3986.34,45710,473,469,942,73673,67951,141624,534.12,391.94,926.06,45710,624,620,1244,87030,92052,179082,1559.767,3749.787,5309.554,45710,427,434,861,65355,65276,130631,612.945,1009.554,1622.499,45710,550,540,1090,79370,77266,156636,502.98,529.99,1032.97,45710,377,372,749,64699,63847,128546,570.3,459.6,1029.9,45710,750,743,1493,114095,111208,225303,4256,6125,10381,45710,306,299,605,44517,43669,88186,399.4,519.6,919,45710,492,489,981,72714,72049,144763,548.898,793.42,1342.318,45710,452,453,905,65965,63229,129194,413.3,273.9,687.2,,,,,,,,,,,,,,,,,,,,,,,,,,,,,,,,,,
02-23,488,485,973,69026,71557,140583,337.617,781.361,1118.978,45711,671,664,1335,103939,106943,210882,2235.63,3626.25,5861.88,45711,610,606,1216,99057,91088,190145,2075.74,1869.12,3944.86,45711,477,476,953,74940,68702,143642,441.38,422.33,863.71,45711,613,618,1231,86681,93638,180319,1133.524,3553.049,4686.573,45711,429,436,865,64307,63957,128264,691.73,1268.3588,1960.0888,45711,531,532,1063,73965,77539,151504,499.78,537.26,1037.04,45711,392,393,785,66850,65212,132062,470.94,405.836,876.776,45711,758,752,1510,114986,110901,225887,4158,6746,10904,45711,301,300,601,42098,45011,87109,344.8,433.9,778.7,45711,476,465,941,69895,69025,138920,488.028,613.254,1101.282,45711,462,459,921,64832,63846,128678,355.9,188.8,544.7,,,,,,,,,,,,,,,,,,,,,,,,,,,,,,,,,,
02-24,476,477,953,68407,70079,138486,312.293,763.42,1075.713,45712,640,663,1303,100252,106331,206583,2015.29,4116.75,6132.04,45712,592,593,1185,91592,90145,181737,1604.7547,1710.243,3314.9977,45712,456,460,916,69573,65260,134833,394.052,354.401,748.453,45712,603,597,1200,86023,91759,177782,1204.538,2425.938,3630.476,45712,423,418,841,63261,63198,126459,646.28,1154.839,1801.119,45712,502,501,1003,69330,73081,142411,448.31,548.74,997.05,45712,391,389,780,65574,66150,131724,474.177,397.994,872.171,45712,718,723,1441,107268,107363,214631,2945,5222,8167,45712,297,290,587,40960,43333,84293,353.6,352.1,705.7,45712,437,449,886,63307,66823,130130,400.156,362.273,762.4290000000001,45712,439,436,875,56319,58095,114414,317.7,132.4,450.1,,,,,,,,,,,,,,,,,,,,,,,,,,,,,,,,,,
02-25,463,464,927,67658,68822,136480,360.42,777.613,1138.0330000000001,45713,668,663,1331,97632,103993,201625,2078.14,3415.83,5493.97,45713,587,572,1159,87174,84919,172093,1752.6,1711.18,3463.78,45713,453,450,903,67994,63728,131722,514.54,361.86,876.4,45713,612,608,1220,84995,87644,172639,1740.26,3961.743,5702.003,45713,409,409,818,61808,61823,123631,603.68,1157.35,1761.0299999999997,45713,487,494,981,67011,71401,138412,492.05,679.83,1171.88,45713,384,379,763,64407,65014,129421,563.97,518.43,1082.4,45713,710,703,1413,100281,100079,200360,3358,5789,9147,45713,295,299,594,40751,43195,83946,412.6,446.7,859.3,45713,451,440,891,64832,64434,129266,554.127,778.585,1332.712,45713,428,430,858,57981,58781,116762,427.5,191,618.5,,,,,,,,,,,,,,,,,,,,,,,,,,,,,,,,,,
02-26,464,460,924,66618,68402,135020,380.797,786.288,1167.085,45714,683,679,1362,101097,108576,209673,2240.72,3777.15,6017.87,45714,593,598,1191,93405,89374,182779,1987.79,1961.91,3949.7,45714,455,456,911,70088,66305,136393,523.93,463.48,987.41,45714,625,620,1245,88181,91211,179392,1905.507,3723.566,5629.073,45714,425,422,847,64166,64514,128680,718.32,1329.58,2047.9,45714,492,487,979,69732,70863,140595,593.78,612.22,1206,45714,386,388,774,68940,69319,138259,580.419,564.553,1144.972,45714,716,728,1444,101245,106029,207274,3989,6433,10422,45714,301,298,599,45063,45035,90098,452.9,513.3,966.1999999999999,45714,458,455,913,66724,67565,134289,625.092,838.103,1463.195,45714,426,429,855,56242,57628,113870,371.9,376.3,748.2,,,,,,,,,,,,,,,,,,,,,,,,,,,,,,,,,,
02-27,456,458,914,67625,68921,136546,342.042,826.138,1168.18,45715,686,677,1363,101368,107420,208788,2337.48,3540.75,5878.23,45715,585,592,1177,91693,86256,177949,1905.339,1826.678,3732.017,45715,459,458,917,71374,66072,137446,498.792,384.082,882.874,45715,627,626,1253,90593,92893,183486,2057.593,4168.275,6225.8679999999995,45715,430,428,858,64293,66523,130816,661.8959,1320.6469,1982.5428,45715,488,482,970,70914,71370,142284,510.63,550.07,1060.7,45715,392,390,782,68336,68411,136747,679.627,595.359,1274.986,45715,732,725,1457,104479,105941,210420,3860,7032,10892,45715,306,307,613,45182,44974,90156,432,567.3,999.3,45715,449,454,903,66887,68539,135426,549.346,710.533,1259.879,45715,430,431,861,56630,58680,115310,484.4,191.6,676,,,,,,,,,,,,,,,,,,,,,,,,,,,,,,,,,,
02-28,478,478,956,70349,73098,143447,322.228,934.163,1256.391,45716,665,679,1344,102949,109022,211971,2224.22,4090.92,6315.14,45716,603,607,1210,100609,95669,196278,1946.24,1829.81,3776.05,45716,466,464,930,73625,71350,144975,543.72,444.88,988.6,45716,630,625,1255,94203,96777,190980,1897.709,3913.335,5811.044,45716,425,438,863,64724,66667,131391,863.794,1257.421,2121.215,45716,503,509,1012,74502,76138,150640,606.44,633.64,1240.08,45716,377,383,760,69907,71051,140958,609.45,507.04,1116.49,45716,676,680,1356,104106,105283,209389,4052,6013,10065,45716,282,290,572,43473,45778,89251,368.9,468.9,837.8,45716,453,449,902,69846,68979,138825,577.097,653.579,1230.676,45716,447,444,891,63584,63763,127347,423.7,294.8,718.5,,,,,,,,,,,,,,,,,,,,,,,,,,,,,,,,,,
03-01,454,453,907,65824,67094,132918,327.643,892.284,1219.927,45717,686,666,1352,100300,102496,202796,2683.02,4115.4,6798.42,45717,590,584,1174,91694,84585,176279,2250.22,2244.21,4494.43,45717,462,456,918,68843,63833,132676,536.33,435.48,971.81,45717,614,614,1228,82052,88849,170901,1638.336,3791.974,5430.31,45717,436,423,859,64651,64968,129619,701.76,1104.627,1806.387,45717,485,484,969,69892,69847,139739,536.41,692.47,1228.88,45717,368,360,728,61724,60470,122194,626.961,491.24,1118.201,45717,749,745,1494,108514,109429,217943,4030,6700,10730,45717,311,293,604,43404,40990,84394,433.2,521.5,954.7,45717,452,454,906,65743,66158,131901,521.995,719.327,1241.3220000000001,45717,420,421,841,55261,56834,112095,371.7,212.184,583.884,,,,,,,,,,,,,,,,,,,,,,,,,,,,,,,,,,
03-02,449,449,898,65218,65915,131133,319.208,860.619,1179.827,45718,649,656,1305,95240,100864,196104,2501.64,4243.66,6745.3,45718,580,595,1175,92701,83322,176023,1941.227,1913.617,3854.844,45718,455,466,921,68610,63540,132150,501.099,463,964.099,45718,612,618,1230,84758,89717,174475,1232.424,3809.881,5042.305,45718,405,420,825,59384,62689,122073,700.806,1242.139,1942.945,45718,507,508,1015,68487,73281,141768,543,663.59,1206.5900000000001,45718,375,384,759,62147,63088,125235,475.601,465.604,941.205,45718,732,733,1465,108317,108822,217139,4241,6706,10947,45718,295,293,588,38411,43550,81961,383.7,451.6,835.3,45718,433,443,876,59941,65968,125909,501.965,649.144,1151.109,45718,450,443,893,55681,60776,116457,382.5,258.9,641.4,,,,,,,,,,,,,,,,,,,,,,,,,,,,,,,,,,
03-03,434,437,871,62504,64113,126617,292.349,857.509,1149.858,45719,520,545,1065,79398,83406,162804,1865.99,3246.19,5112.18,45719,587,574,1161,88883,82928,171811,1843.13,1967.77,3810.9,45719,444,440,884,63402,60719,124121,432.43,420.18,852.61,45719,567,571,1138,78732,84890,163622,1220.117,2484.31,3704.4269999999997,45719,397,405,802,56173,60116,116289,636.656,1087.883,1724.539,45719,467,461,928,62686,67227,129913,513.47,701.49,1214.96,45719,364,354,718,60305,60450,120755,458.26,336.57,794.83,45719,682,678,1360,100849,98731,199580,2523,5191,7714,45719,284,287,571,37683,42924,80607,345.3,388.9,734.2,45719,417,428,845,58782,64595,123377,368.532,493.655,862.187,45719,407,429,836,49423,54045,103468,296.1,185.9,482,,,,,,,,,,,,,,,,,,,,,,,,,,,,,,,,,,
03-04,412,411,823,60753,62324,123077,376.498,883.48,1259.978,45720,652,652,1304,92761,97201,189962,2252.86,3642.44,5895.3,45720,548,547,1095,77643,80185,157828,1768.93,1824.37,3593.3,45720,433,419,852,62904,59546,122450,543.62,376.38,920,45720,586,568,1154,80237,80625,160862,1726.456,4321.206,6047.662,45720,431,404,835,63568,60028,123596,756.216,1016.094,1772.31,45720,438,435,873,58795,62992,121787,457.17,779.12,1236.29,45720,368,365,733,62340,62185,124525,637.044,534.594,1171.638,45720,712,697,1409,100576,96696,197272,3766,6191,9957,45720,283,284,567,41454,38614,80068,481.6,473.1,954.7,45720,445,424,869,61932,63143,125075,567.485,836.245,1403.73,45720,384,380,764,47120,50857,97977,375.1,199,574.1,,,,,,,,,,,,,,,,,,,,,,,,,,,,,,,,,,
